Scenario,Average Happiness,Average Competitiveness
1,0.023121387,0.003655812
2,0.019587072,0.025020283
3,0.011009174,0.002446483
